filename,group,normal_mae,rough_mae,rough_rmse,metal_mae,metal_rmse,lpips_render
ceramic_0001.png,ceramic_ground,0.7256618738174438,0.04067506268620491,0.05335080251097679,8.35584523883881e-06,1.2368102943582926e-05,0.11523333359509706
ceramic_0004.png,wood,14.305569648742676,0.030091239139437675,0.03797011077404022,2.7381312975194305e-05,3.99728087359108e-05,0.3008423373103142
ceramic_0009.png,mixed_ambiguous,4.103799819946289,0.06840439140796661,0.10399029403924942,7.822746738384012e-06,1.398772292304784e-05,0.20400408357381822
ceramic_0010.png,mixed_ambiguous,14.366692543029785,0.13845662772655487,0.17009976506233215,1.7844606190919876e-05,0.0016499439952895045,0.29399034976959226
ceramic_0026.png,ceramic_ground,14.682007789611816,0.09999588131904602,0.17887966334819794,6.565958301507635e-06,2.5169838409055956e-05,0.22180912792682647
ceramic_0027.png,mixed_ambiguous,13.511341094970703,0.0716356635093689,0.09091272205114365,1.3911725545767695e-05,3.9973780076252297e-05,0.2035423845052719
ceramic_0036.png,metal,22.72747039794922,0.17450271546840668,0.18004347383975983,0.00879654847085476,0.055113550275564194,0.212841460108757
ceramic_0059.png,mixed_ambiguous,2.9377520084381104,0.19531409442424774,0.20432305335998535,2.5601191737223417e-05,4.127538704778999e-05,0.08242708221077918
ceramic_0071.png,mixed_ambiguous,13.363227844238281,0.08001933246850967,0.09356895089149475,8.770591193751898e-06,1.937111846928019e-05,0.2906897962093353
ceramic_0083.png,mixed_ambiguous,18.182069778442383,0.1827705204486847,0.1970106065273285,1.457113103242591e-05,2.699757897062227e-05,0.4532285273075104
ceramic_0092.png,ceramic_ground,6.634937286376953,0.05552961677312851,0.06836188584566116,0.00019188736041542143,0.0003748084418475628,0.2659038007259369
ceramic_0099.png,ceramic_ground,1.7400822639465332,0.08261555433273315,0.0870266780257225,0.00039480344275943935,0.006249996833503246,0.06407044231891632
ceramic_0100.png,ceramic_ground,7.3512420654296875,0.02252412959933281,0.030999688431620598,1.2915791103296215e-06,4.413672286318615e-06,0.06351910531520844
ceramic_0109.png,ceramic_ground,4.19190788269043,0.045923881232738495,0.06499625742435455,6.973550625843927e-07,9.577995569998166e-07,0.08475903496146202
ceramic_0112.png,marble_smooth,0.7819668054580688,0.0800764188170433,0.10198328644037247,2.1126892534084618e-05,2.7979522201349027e-05,0.09720119517296552
ceramic_0115.png,mixed_ambiguous,4.6200337409973145,0.27657461166381836,0.306601881980896,1.5131590771488845e-05,3.3634118153713644e-05,0.5509172320365906
ceramic_0121.png,ceramic_ground,2.0704050064086914,0.1633761078119278,0.17220792174339294,1.94729000213556e-05,6.423251033993438e-05,0.2429739475250244
ceramic_0122.png,ceramic_ground,1.549187183380127,0.05737045407295227,0.06340784579515457,5.650208549923263e-07,1.5568808748867013e-06,0.10083673801273108
ceramic_0129.png,mixed_ambiguous,18.263843536376953,0.3058632016181946,0.32807448506355286,1.5444853488588706e-05,3.4450793464202434e-05,0.4678042531013489
ceramic_0158.png,mixed_ambiguous,4.431947231292725,0.02102404087781906,0.0266093909740448,2.9223798264865763e-05,9.289504669141024e-05,0.18752067387104035
ceramic_0160.png,ceramic_ground,8.029611587524414,0.14264360070228577,0.15798787772655487,4.343310592958005e-06,9.419635716767516e-06,0.1219516359269619
ceramic_0166.png,ceramic_ground,3.4207520484924316,0.18943887948989868,0.22998672723770142,8.253653049905552e-07,9.935305342878564e-07,0.7906534552574158
ceramic_0178.png,brick_terracotta,45.40683364868164,0.24480463564395905,0.28958532214164734,2.3281738322111778e-05,4.9428330385126173e-05,0.3912094235420227
ceramic_0183.png,mixed_ambiguous,13.981355667114258,0.022534722462296486,0.0285857655107975,0.01505502313375473,0.07256072759628296,0.2931389629840851
ceramic_0203.png,ceramic_ground,11.231481552124023,0.07773856818675995,0.10231531411409378,1.729684299789369e-05,0.0001313347602263093,0.3945827752351761
ceramic_0214.png,stone_rough,9.376961708068848,0.1277696043252945,0.1618911772966385,9.507884897175245e-06,1.3805807611788623e-05,0.3158028781414032
ceramic_0216.png,ceramic_ground,6.649359226226807,0.05345023795962334,0.06733455508947372,1.318655540671898e-05,2.6920346499537118e-05,0.1072765201330185
ceramic_0230.png,ceramic_ground,3.1904382705688477,0.059748709201812744,0.0826537013053894,1.772332143445965e-05,4.528952558757737e-05,0.11207924149930477
ceramic_0240.png,mixed_ambiguous,5.539984703063965,0.024676339700818062,0.031257759779691696,4.510425424086861e-05,0.0001883619697764516,0.22483375668525696
ceramic_0241.png,ceramic_ground,9.667245864868164,0.08299760520458221,0.09841850399971008,9.064322512131184e-06,1.3661328921443783e-05,0.21991381347179412
ceramic_0254.png,ceramic_ground,5.391800880432129,0.03772292658686638,0.04779895022511482,2.7753421818488277e-05,4.137281212024391e-05,0.17001253515481948
ceramic_0274.png,ceramic_ground,4.580124855041504,0.21976235508918762,0.2303658127784729,2.188664257118944e-05,2.5377912606927566e-05,0.39632309079170225
ceramic_0276.png,marble_smooth,0.44507837295532227,0.07917343825101852,0.08155623078346252,2.5885527065838687e-05,3.807370740105398e-05,0.08660950362682343
ceramic_0277.png,wood,19.465736389160156,0.5229384303092957,0.5540947318077087,6.625288733630441e-06,1.8878456103266217e-05,0.4245181679725647
ceramic_0287.png,ceramic_ground,8.607810974121094,0.04099632799625397,0.06498365104198456,3.8114887956908206e-06,1.7975120499613695e-05,0.12978288978338243
ceramic_0296.png,ceramic_ground,1.2358684539794922,0.021991726011037827,0.029299195855855942,9.043335012393072e-06,9.843109182838816e-06,0.17343711107969284
ceramic_0301.png,mixed_ambiguous,4.0207319259643555,0.16628417372703552,0.1974283754825592,7.720052963122725e-06,2.5174607799272053e-05,0.4396768152713776
ceramic_0307.png,mixed_ambiguous,4.869478702545166,0.12068931758403778,0.15603867173194885,8.175757102435455e-06,1.57185822899919e-05,0.6316952466964721
ceramic_0308.png,ceramic_ground,1.2780934572219849,0.07573090493679047,0.07788616418838501,1.4689332601847127e-05,2.6662717573344707e-05,0.152276224642992
ceramic_0317.png,ceramic_ground,2.1770448684692383,0.10986749827861786,0.12015241384506226,6.513177140732296e-06,1.821225851017516e-05,0.11108261710032821
ceramic_0319.png,ceramic_ground,0.5965753197669983,0.13653281331062317,0.1434871256351471,5.873262489330955e-05,8.014089689822868e-05,0.09017006382346153
ceramic_0321.png,concrete_plaster,35.19917297363281,0.13424332439899445,0.16115272045135498,1.9259048713138327e-05,6.217585178092122e-05,0.4770849823951721
ceramic_0327.png,mixed_ambiguous,3.83731746673584,0.05207202583551407,0.08361562341451645,3.0264311590144644e-06,6.098857284086989e-06,0.21713163405656816
ceramic_0341.png,ceramic_ground,6.571600437164307,0.11371894180774689,0.1908804476261139,6.386610948538873e-06,1.0284783456881996e-05,0.16317445933818817
ceramic_0342.png,ceramic_ground,4.214142799377441,0.14011690020561218,0.1436559557914734,1.735808291414287e-05,3.4723987482720986e-05,0.038908223435282704
ceramic_0354.png,mixed_ambiguous,9.88896656036377,0.02918330393731594,0.03587990999221802,1.3535294783650897e-05,1.9988592612207867e-05,0.26566368117928507
ceramic_0397.png,mixed_ambiguous,9.350617408752441,0.0688810721039772,0.0900401920080185,8.435779818682931e-06,2.2136689949547872e-05,0.10425985008478164
ceramic_0412.png,mixed_ambiguous,3.6870534420013428,0.04999002069234848,0.07772664725780487,2.6996774522558553e-06,5.4764518608863e-06,0.2102131575345993
ceramic_0413.png,ceramic_ground,20.16623878479004,0.33862927556037903,0.3540381193161011,1.9580513253458776e-05,3.872984598274343e-05,0.2688300579786301
ceramic_0422.png,ceramic_ground,2.4394822120666504,0.08503642678260803,0.10491061955690384,2.3486183636123314e-05,3.5167005989933386e-05,0.1013611402362585
ceramic_0424.png,ceramic_ground,2.755687713623047,0.11015181243419647,0.1402728408575058,1.5184404219326098e-05,2.7962816602666862e-05,0.09116742014884949
ceramic_0425.png,mixed_ambiguous,14.286744117736816,0.03258291631937027,0.04092312604188919,0.0001664376468397677,0.00018958830332849175,0.2888293325901031
ceramic_0429.png,ceramic_ground,13.30527114868164,0.08148138225078583,0.14892105758190155,1.504833471699385e-05,6.706031126668677e-05,0.10193005353212356
ceramic_0435.png,wood,0.41568833589553833,0.03313756361603737,0.0464695505797863,2.024059540417511e-06,3.295873511888203e-06,0.11716076387092471
ceramic_0448.png,mixed_ambiguous,11.59174919128418,0.10418855398893356,0.1300254762172699,6.038676292519085e-05,0.00011299381003482267,0.34602041244506837
ceramic_0454.png,concrete_plaster,27.629608154296875,0.059699513018131256,0.08754806965589523,0.0018634991720318794,0.03319941461086273,0.6050986886024475
ceramic_0462.png,ceramic_ground,1.098323106765747,0.013913804665207863,0.02354278974235058,8.30739281809656e-06,1.869661355158314e-05,0.08531809905543923
ceramic_0463.png,ceramic_ground,0.4237794876098633,0.06908098608255386,0.08264107257127762,2.493264901204384e-06,4.788033038494177e-06,0.12919771391898394
ceramic_0473.png,mixed_ambiguous,13.256508827209473,0.08723202347755432,0.10696146637201309,1.1354622074577492e-05,2.376689917582553e-05,0.09122385680675507
ceramic_0486.png,ceramic_ground,8.084874153137207,0.1682405173778534,0.18029867112636566,6.389665259121102e-07,1.1529383527886239e-06,0.2072800099849701
ceramic_0492.png,mixed_ambiguous,12.165037155151367,0.5166769623756409,0.5384880900382996,7.308984095288906e-06,4.0637547499500215e-05,0.1957015037536621
ceramic_0494.png,mixed_ambiguous,10.991822242736816,0.4210454821586609,0.4268878996372223,8.466650456284697e-07,1.703944917608169e-06,0.1487787514925003
ceramic_0499.png,mixed_ambiguous,4.94611120223999,0.02196503058075905,0.029774343594908714,3.1532003049505875e-05,0.000306255737086758,0.2764268308877945
ceramic_0506.png,ceramic_ground,13.94957447052002,0.09329038858413696,0.1680823713541031,1.119230091717327e-05,2.4589562599430792e-05,0.14947437942028047
ceramic_0507.png,mixed_ambiguous,0.6733711361885071,0.02969297394156456,0.03553880378603935,3.0464891551673645e-06,4.33673676525359e-06,0.02854086421430111
ceramic_0510.png,mixed_ambiguous,21.23562240600586,0.048788268119096756,0.05915946140885353,3.339825343573466e-05,3.910388477379456e-05,0.5433685183525085
ceramic_0519.png,ceramic_ground,3.3646466732025146,0.072646863758564,0.07844872772693634,0.02990793064236641,0.08396624773740768,0.04002837985754013
ceramic_0527.png,ceramic_ground,7.243569850921631,0.02147790975868702,0.030519381165504456,7.372094614765956e-07,2.5817312234721612e-06,0.04863124489784241
ceramic_0558.png,mixed_ambiguous,8.325371742248535,0.02611234039068222,0.03238428384065628,1.0753875358204823e-05,1.5911413356661797e-05,0.12155485823750496
ceramic_0561.png,ceramic_ground,5.0563459396362305,0.06717757135629654,0.07788575440645218,1.8809723769663833e-05,4.3572737922659144e-05,0.24189265668392182
ceramic_0568.png,mixed_ambiguous,2.580554246902466,0.2745233178138733,0.29029616713523865,1.4748590047020116e-06,1.7957687532543787e-06,0.18369087427854539
ceramic_0577.png,ceramic_ground,7.445864200592041,0.033493299037218094,0.057408448308706284,1.0082146673084935e-06,3.400452669666265e-06,0.052600257098674774
concrete_0012.png,marble_smooth,12.956074714660645,0.12489862740039825,0.1256030797958374,7.036948773020413e-06,8.157868251146283e-06,0.4567212164402008
concrete_0017.png,mixed_ambiguous,11.948686599731445,0.16529235243797302,0.17292459309101105,8.158326636475977e-06,9.237528502126224e-06,0.5973235726356506
concrete_0020.png,mixed_ambiguous,1.136765956878662,0.038490500301122665,0.047141414135694504,9.815918929234613e-06,1.3185956049710512e-05,0.03610902801156044
concrete_0026.png,mixed_ambiguous,8.517881393432617,0.06398314982652664,0.0749301016330719,1.9000755855813622e-05,4.837262531509623e-05,0.1191947653889656
concrete_0031.png,mixed_ambiguous,9.84437370300293,0.2951604127883911,0.30003923177719116,2.1323499822756276e-05,5.18255983479321e-05,0.49316779524087906
concrete_0033.png,mixed_ambiguous,5.140021324157715,0.0249997079372406,0.030173955485224724,1.3680517440661788e-05,1.6392721590818837e-05,0.5873933434486389
concrete_0041.png,ceramic_ground,6.563349723815918,0.17222100496292114,0.1816783994436264,1.325507491856115e-05,2.0900411982438527e-05,0.1397990569472313
concrete_0042.png,stone_rough,4.718545913696289,0.04593077674508095,0.060008466243743896,7.7663626143476e-06,8.519828952557873e-06,0.0525831051170826
concrete_0045.png,ceramic_ground,0.8461381793022156,0.17099104821681976,0.17825038731098175,4.450128471944481e-06,1.0443430255691055e-05,0.12372234724462032
concrete_0052.png,stone_rough,2.183009386062622,0.23701925575733185,0.24037188291549683,6.469012078014202e-06,1.0568483048700728e-05,0.1967558592557907
concrete_0063.png,ceramic_ground,3.900729179382324,0.04398062825202942,0.06063620746135712,1.07341138573247e-05,1.1712196283042431e-05,0.05841608587652445
concrete_0071.png,concrete_plaster,3.576345205307007,0.046292733401060104,0.058625660836696625,4.4033808990207035e-06,5.948531452304451e-06,0.200673408806324
concrete_0075.png,wood,5.430751323699951,0.036427173763513565,0.047864437103271484,4.149895630689571e-06,5.205545676290058e-06,0.4685273885726929
concrete_0079.png,ceramic_ground,9.219564437866211,0.03880709782242775,0.05602767691016197,1.9906035504391184e-06,5.5448203966079745e-06,0.29251068234443667
concrete_0109.png,marble_smooth,20.50739288330078,0.10659381002187729,0.11721622198820114,5.766313734056894e-06,7.320289114431944e-06,0.44166454672813416
concrete_0155.png,mixed_ambiguous,7.029873847961426,0.44878146052360535,0.45084187388420105,1.4544463738275226e-05,4.4982065446674824e-05,0.37439732551574706
concrete_0157.png,mixed_ambiguous,4.538236141204834,0.05143650248646736,0.06554380804300308,1.583666744409129e-06,2.320282192158629e-06,0.38631598353385926
concrete_0158.png,mixed_ambiguous,11.492116928100586,0.0344361774623394,0.04353171959519386,2.2663491563434945e-06,2.472965888955514e-06,0.36625723242759706
concrete_0168.png,ceramic_ground,3.089124917984009,0.017670756205916405,0.025764834135770798,6.747258794348454e-06,8.383386557397898e-06,0.13352459520101548
concrete_0173.png,mixed_ambiguous,8.60263442993164,0.21308468282222748,0.22414933145046234,3.501072114886483e-06,4.129870831093285e-06,0.32796333022415636
concrete_0180.png,mixed_ambiguous,14.719873428344727,0.08346930146217346,0.10353688895702362,6.5269809965684544e-06,8.375455763598438e-06,0.9444263577461243
concrete_0184.png,mixed_ambiguous,11.068527221679688,0.028896939009428024,0.03687852993607521,2.2281765268417075e-06,2.5852873477560934e-06,0.3550950974225998
concrete_0185.png,stone_rough,1.49757719039917,0.08931557089090347,0.11717942357063293,4.2064111767103896e-06,8.493089808325749e-06,0.029514773190021514
concrete_0206.png,stone_rough,23.250839233398438,0.12584426999092102,0.14315573871135712,0.009525708854198456,0.07708057016134262,0.6448694884777069
concrete_0209.png,mixed_ambiguous,3.396658420562744,0.04162183403968811,0.05890050530433655,6.7626456257130485e-06,2.30065816140268e-05,0.2650427848100662
concrete_0235.png,ceramic_ground,2.088031768798828,0.10244427621364594,0.13199831545352936,7.575407835247461e-06,1.1666450518532656e-05,0.31436165869235994
concrete_0236.png,mixed_ambiguous,6.621649265289307,0.0658925250172615,0.0917937159538269,8.915181751945056e-06,3.7699868698837236e-05,0.379482638835907
concrete_0238.png,mixed_ambiguous,6.339228630065918,0.3156515061855316,0.31942224502563477,2.7600974590313854e-06,3.4271974982402753e-06,0.15599219799041747
concrete_0242.png,ceramic_ground,14.714061737060547,0.07137661427259445,0.08406922221183777,2.717380993999541e-06,5.117577984492527e-06,0.14513360857963561
concrete_0259.png,marble_smooth,2.5429232120513916,0.06272207200527191,0.08057083934545517,2.9023849492659792e-06,4.317660568631254e-06,0.033617496490478516
concrete_0262.png,concrete_plaster,7.57568883895874,0.055387381464242935,0.07147529721260071,1.4012873634783318e-06,2.8182373625895707e-06,0.17558640092611313
concrete_0263.png,concrete_plaster,13.243017196655273,0.1956711709499359,0.21706660091876984,4.671058377425652e-06,1.0123713764187414e-05,0.5343663990497589
concrete_0264.png,metal,33.724098205566406,0.18751637637615204,0.19506728649139404,0.251949667930603,0.4238007962703705,0.7228253960609436
concrete_0273.png,marble_smooth,17.128093719482422,0.03757515177130699,0.04673369601368904,2.4296477931784466e-06,3.6261280911276117e-06,0.21521798968315126
concrete_0275.png,ceramic_ground,2.4352822303771973,0.21892517805099487,0.2238629311323166,8.152544069162104e-06,1.9329487258801237e-05,0.13612161427736283
ground_0003.png,metal,4.932758808135986,0.07576917111873627,0.1000867635011673,1.6680586440998013e-06,4.212598923913902e-06,0.1966972678899765
ground_0017.png,mixed_ambiguous,7.752862930297852,0.07584630697965622,0.10625314712524414,7.536844805144938e-06,7.673025720578153e-06,0.45273778438568113
ground_0031.png,wood,22.687576293945312,0.12329935282468796,0.15366803109645844,8.588025593780912e-06,7.108943827915937e-05,0.2760282516479492
ground_0067.png,ceramic_ground,17.992408752441406,0.10666751861572266,0.1329350769519806,4.5700708142248914e-05,0.0002811191661749035,0.4704646527767181
ground_0070.png,mixed_ambiguous,2.7447962760925293,0.23218657076358795,0.32725194096565247,0.001954098464921117,0.032462384551763535,0.4810676395893097
ground_0080.png,ceramic_ground,20.140621185302734,0.05490070953965187,0.07538805902004242,8.853345207171515e-06,1.6677808162057772e-05,0.3725576102733612
ground_0089.png,mixed_ambiguous,8.159385681152344,0.0752374455332756,0.10482996702194214,7.592004294565413e-06,7.808259397279471e-06,0.42171691060066224
ground_0102.png,metal,7.305601596832275,0.16237491369247437,0.19599378108978271,8.668270311318338e-06,2.0392069927765988e-05,0.4938184142112732
ground_0110.png,ceramic_ground,15.322453498840332,0.09526069462299347,0.11878090351819992,5.709589459002018e-06,1.0613688573357649e-05,0.6492794632911683
ground_0111.png,ceramic_ground,14.183377265930176,0.061713315546512604,0.08677779138088226,1.556530605739681e-06,3.096977934546885e-06,0.24474945068359374
ground_0114.png,mixed_ambiguous,8.43332290649414,0.09112489968538284,0.12397665530443192,2.1741616365034133e-06,2.737236854954972e-06,0.4564266800880432
ground_0115.png,ceramic_ground,13.126222610473633,0.06576831638813019,0.08226605504751205,5.649420018016826e-06,1.462099862692412e-05,0.30852298736572265
ground_0123.png,mixed_ambiguous,7.603106498718262,0.0756278708577156,0.10497750341892242,6.005407158227172e-06,6.404998202924617e-06,0.4080105245113373
ground_0127.png,ceramic_ground,23.844940185546875,0.09773422032594681,0.1126655861735344,4.813177383766742e-06,1.0313301572750788e-05,0.41193761229515075
ground_0138.png,ceramic_ground,23.644699096679688,0.05636320263147354,0.0738525316119194,9.67194682743866e-06,4.3336491216905415e-05,0.40714937448501587
ground_0156.png,ceramic_ground,15.182982444763184,0.053831178694963455,0.07267510890960693,2.3942488951433916e-06,8.778989467828069e-06,0.24469099044799805
ground_0170.png,stone_rough,18.194957733154297,0.10705869644880295,0.12477915734052658,2.1933836251264438e-05,9.73500864347443e-05,0.3365694522857666
ground_0176.png,stone_rough,18.66304588317871,0.08442278951406479,0.10235860198736191,4.539504516287707e-05,0.00011117215763079002,0.5049449980258942
ground_0179.png,stone_rough,17.779298782348633,0.08084684610366821,0.0919385552406311,1.5508620663240436e-06,5.123672963236459e-06,0.18970627933740616
ground_0205.png,stone_rough,10.832512855529785,0.12246900051832199,0.14832665026187897,9.036712071974762e-06,2.1730520529672503e-05,0.3296222448348999
ground_0212.png,ceramic_ground,11.098933219909668,0.06044134497642517,0.07575082033872604,5.883472567802528e-06,1.3497250620275736e-05,0.23870983272790908
ground_0244.png,mixed_ambiguous,2.081083297729492,0.08050564676523209,0.10095185041427612,0.1335913985967636,0.32998529076576233,0.4846466541290283
ground_0248.png,ceramic_ground,10.201683044433594,0.061386238783597946,0.07774205505847931,1.123228321375791e-05,3.7762252759421244e-05,0.2583666563034058
ground_0250.png,ceramic_ground,10.974870681762695,0.11413875222206116,0.13333691656589508,9.960656825569458e-06,1.6923244402278215e-05,0.2354534700512886
marble_0029.png,marble_smooth,0.5897500514984131,0.4801819324493408,0.4912603795528412,2.1578507585218176e-05,4.5237124140840024e-05,0.19042095504701137
marble_0039.png,marble_smooth,1.8853747844696045,0.05211886018514633,0.08354246616363525,5.607553703157464e-06,8.670357601658907e-06,0.5288827061653137
marble_0040.png,marble_smooth,3.4443161487579346,0.12440475076436996,0.14598417282104492,1.3219860193203203e-05,2.2954965970711783e-05,0.058827176690101624
marble_0048.png,mixed_ambiguous,10.064964294433594,0.21181462705135345,0.29730358719825745,1.0561762792349327e-05,3.623166412580758e-05,0.22407839000225066
marble_0057.png,marble_smooth,8.361534118652344,0.05009041354060173,0.05941370129585266,1.8609295011629001e-06,3.223025260012946e-06,0.5385510146617889
marble_0069.png,marble_smooth,0.5278258323669434,0.4499680697917938,0.4561915099620819,1.3231679986347444e-05,2.294945443281904e-05,0.14761525229550898
marble_0075.png,marble_smooth,0.38634559512138367,0.3739836812019348,0.3755800426006317,2.8832366751885274e-06,3.4510248951846734e-06,0.153950674663065
marble_0080.png,mixed_ambiguous,0.6038262844085693,0.05215567350387573,0.06733932346105576,9.523065273242537e-06,9.446527838008478e-05,0.11629379547666759
marble_0105.png,marble_smooth,9.090214729309082,0.04384007677435875,0.05135731026530266,4.1719920318428194e-07,6.226014193089213e-07,0.7485560774803162
marble_0108.png,marble_smooth,0.3357660174369812,0.0349186435341835,0.04297833889722824,1.3325800409802468e-06,1.8436154505252489e-06,0.01269201710128982
marble_0113.png,mixed_ambiguous,0.6403301954269409,0.053693823516368866,0.060810212045907974,7.441992693202337e-06,5.80076412006747e-05,0.13611862034304067
marble_0115.png,stone_rough,0.4770979583263397,0.027842974290251732,0.03534498065710068,1.0449683031765744e-05,1.4415451005334035e-05,0.14112488424871117
marble_0121.png,ceramic_ground,6.754495620727539,0.029415972530841827,0.05082755163311958,1.0482577863513143e-06,3.943347110180184e-06,0.04619073271751404
marble_0132.png,mixed_ambiguous,1.3887255191802979,0.017302175983786583,0.04422788321971893,5.806293756904779e-06,6.850956197013147e-06,0.10187162421643733
marble_0135.png,marble_smooth,0.33574262261390686,0.12130369246006012,0.1459701955318451,0.00026766894734464586,0.00862953718751669,0.13838167623325717
marble_0136.png,marble_smooth,3.179542303085327,0.2483721673488617,0.25004544854164124,2.8834624572482426e-06,3.452483724686317e-06,0.06868658550083637
marble_0137.png,marble_smooth,1.7057437896728516,0.0808914378285408,0.10946681350469589,0.0010146761778742075,0.022049644961953163,0.20556237641721964
marble_0141.png,marble_smooth,3.9922029972076416,0.07116091251373291,0.10816465318202972,9.458362001169007e-06,3.66916210623458e-05,0.21169153302907945
metal_0005.png,metal,2.257054567337036,0.07959263026714325,0.09940852969884872,0.19119565188884735,0.23062433302402496,0.27455892264842985
metal_0014.png,mixed_ambiguous,13.368986129760742,0.10287920385599136,0.12309791892766953,0.0016316677210852504,0.03495892137289047,0.4718485355377197
metal_0042.png,metal,4.6749467849731445,0.07260314375162125,0.07369577139616013,0.2857113182544708,0.2871435880661011,0.6176325619220734
metal_0043.png,mixed_ambiguous,2.350087881088257,0.21028155088424683,0.21779967844486237,0.9818522930145264,0.9830488562583923,0.35935470163822175
metal_0082.png,mixed_ambiguous,19.73049545288086,0.04742643982172012,0.05581332743167877,0.0024415284860879183,0.04511622339487076,0.5986687898635864
metal_0090.png,concrete_plaster,4.1724724769592285,0.08568693697452545,0.11490403860807419,0.8867092132568359,0.9351044297218323,0.42219347357749937
metal_0091.png,metal,0.8796073794364929,0.07850932329893112,0.08337246626615524,0.16532692313194275,0.16709229350090027,0.21521684639155864
metal_0113.png,mixed_ambiguous,4.701845169067383,0.23827096819877625,0.2593529224395752,1.4713391465193126e-05,6.211699655978009e-05,0.0936201423406601
metal_0118.png,marble_smooth,7.462711334228516,0.09757628291845322,0.12466970086097717,0.6250278949737549,0.6305376291275024,0.5567697525024414
metal_0127.png,mixed_ambiguous,1.3259966373443604,0.11063589155673981,0.12577864527702332,0.6837098002433777,0.7189374566078186,0.4503972142934799
metal_0132.png,concrete_plaster,6.451628684997559,0.0945347249507904,0.12149102985858917,0.8480934500694275,0.9004607796669006,0.42663654685020447
metal_0149.png,stone_rough,2.5730865001678467,0.14770421385765076,0.18027755618095398,0.8159428834915161,0.8636491894721985,0.6033111572265625
metal_0153.png,metal,9.097363471984863,0.05121525749564171,0.07228977978229523,0.08373870700597763,0.11655361205339432,0.10239801853895188
metal_0156.png,mixed_ambiguous,9.660269737243652,0.07803647220134735,0.09851520508527756,0.0021819963585585356,0.011695144698023796,0.2362838417291641
metal_0163.png,metal,8.605286598205566,0.05527713522315025,0.08796009421348572,0.06818163394927979,0.12099818140268326,0.14652236998081208
metal_0175.png,metal,9.373727798461914,0.014628450386226177,0.017284231260418892,0.025624452158808708,0.0532042421400547,0.026619906723499297
metal_0177.png,metal,0.7449767589569092,0.09239203482866287,0.09878479689359665,0.3795849680900574,0.4919087290763855,0.37682398557662966
metal_0187.png,metal,1.1014105081558228,0.15179133415222168,0.17402741312980652,0.37691986560821533,0.5978354811668396,0.3203777939081192
metal_0191.png,metal,8.491477012634277,0.06765194982290268,0.09033262729644775,0.12458235770463943,0.17176353931427002,0.3153928220272064
metal_0196.png,metal,13.042433738708496,0.05297616124153137,0.06755871325731277,0.16349707543849945,0.3150578439235687,0.4181966304779053
metal_0207.png,concrete_plaster,13.859064102172852,0.09832413494586945,0.1281455010175705,0.14110137522220612,0.19110754132270813,0.6732194781303406
metal_0248.png,wood,10.150619506835938,0.12668351829051971,0.15215225517749786,0.8088260293006897,0.8130788803100586,0.5216341972351074
metal_0249.png,metal,9.616876602172852,0.06931670755147934,0.10440178215503693,0.13597914576530457,0.16804742813110352,0.35746790170669557
metal_0253.png,metal,3.671919584274292,0.09766345471143723,0.11333087086677551,0.07578526437282562,0.20611543953418732,0.3067943572998047
metal_0254.png,mixed_ambiguous,34.234649658203125,0.1837449073791504,0.21398784220218658,0.04419252648949623,0.08273262530565262,0.6440625071525574
metal_0268.png,metal,4.2928547859191895,0.04906368628144264,0.07386180758476257,0.18653810024261475,0.20365232229232788,0.3441136538982391
metal_0280.png,ceramic_ground,7.455696105957031,0.08939743041992188,0.12349969893693924,0.08614575862884521,0.23928651213645935,0.24191390872001647
metal_0329.png,stone_rough,4.065526485443115,0.08099096268415451,0.08742775768041611,6.345068413793342e-06,1.0922651199507527e-05,0.20451245829463005
metal_0330.png,metal,0.8178623914718628,0.08679697662591934,0.11388804763555527,0.03930428996682167,0.09066545218229294,0.2722247540950775
metal_0332.png,metal,1.2216368913650513,0.039162855595350266,0.04870519042015076,0.24798583984375,0.2552538216114044,0.08318124394863843
metal_0352.png,metal,5.257734298706055,0.044481392949819565,0.05529085546731949,0.050683021545410156,0.055589307099580765,0.14421075079590082
metal_0365.png,stone_rough,3.8801560401916504,0.041273318231105804,0.0494060292840004,1.1755199011531658e-05,1.7118443793151528e-05,0.21698853075504304
metal_0374.png,metal,11.117609977722168,0.17084993422031403,0.204986572265625,0.3302711546421051,0.37704530358314514,0.34294666051864625
metal_0375.png,mixed_ambiguous,12.550230979919434,0.06329444795846939,0.08859938383102417,0.005332140251994133,0.03502126783132553,0.24799796044826508
metal_0381.png,concrete_plaster,4.992119312286377,0.1464071273803711,0.17173649370670319,0.5196419954299927,0.678425133228302,0.4981164813041687
metal_0382.png,metal,8.661901473999023,0.07287424057722092,0.08723559975624084,0.0009066328639164567,0.00848163478076458,0.1620725229382515
metal_0383.png,metal,6.768307209014893,0.11116739362478256,0.14629042148590088,0.3691334128379822,0.4408990144729614,0.42886087894439695
metal_0386.png,marble_smooth,2.095419406890869,0.01672450266778469,0.020592432469129562,0.20246970653533936,0.21008704602718353,0.13021444752812386
metal_0388.png,mixed_ambiguous,4.679554462432861,0.05684182420372963,0.07416770607233047,0.7877146601676941,0.7895656228065491,0.28508144840598104
metal_0399.png,metal,4.076155185699463,0.08510025590658188,0.10265947878360748,0.13306637108325958,0.26839470863342285,0.6188658237457275
metal_0405.png,metal,1.3992879390716553,0.06008855998516083,0.06974279135465622,0.026091154664754868,0.1025550588965416,0.15919141173362733
metal_0422.png,stone_rough,3.4841666221618652,0.04518527537584305,0.06065577641129494,0.29568514227867126,0.32407164573669434,0.40156149566173555
metal_0427.png,wood,7.843832492828369,0.07441169023513794,0.09185441583395004,0.13422927260398865,0.24134643375873566,0.286372971534729
metal_0438.png,wood,11.677230834960938,0.11297477036714554,0.13914863765239716,0.2154369205236435,0.27412426471710205,0.3697220802307129
metal_0442.png,metal,0.47216397523880005,0.15191860496997833,0.152328759431839,0.09841104596853256,0.12428905814886093,0.18972361385822295
metal_0463.png,mixed_ambiguous,5.778556823730469,0.10381926596164703,0.16089777648448944,0.9999077320098877,0.9999125003814697,0.4735260784626007
metal_0467.png,wood,9.74059772491455,0.10946429520845413,0.13832564651966095,0.1958674192428589,0.2577480375766754,0.32861863970756533
metal_0479.png,metal,0.7974772453308105,0.09498279541730881,0.10079505294561386,0.0027804372366517782,0.012463608756661415,0.21505310237407685
metal_0499.png,ceramic_ground,29.357439041137695,0.22471876442432404,0.2628996670246124,0.6002151370048523,0.7157189249992371,0.6646773099899292
metal_0504.png,marble_smooth,5.52903938293457,0.18842455744743347,0.22633972764015198,0.17919401824474335,0.22611689567565918,0.4517220497131348
metal_0530.png,wood,4.333198547363281,0.06657694280147552,0.0823698490858078,0.23274262249469757,0.3161603510379791,0.3550673842430115
metal_0546.png,mixed_ambiguous,2.5326292514801025,0.049442119896411896,0.06568978726863861,0.9182039499282837,0.9190481305122375,0.5477883577346802
metal_0549.png,wood,4.122676372528076,0.35036659240722656,0.3550581932067871,0.9745650291442871,0.9776539206504822,0.4942988395690918
metal_0550.png,concrete_plaster,3.29836368560791,0.0928201824426651,0.10845103859901428,0.1610940545797348,0.2916460633277893,0.5643884420394898
metal_0556.png,mixed_ambiguous,1.069575548171997,0.16267921030521393,0.16866707801818848,2.117073336194153e-06,3.834451035800157e-06,0.1079811155796051
metal_0557.png,mixed_ambiguous,0.37583810091018677,0.13711079955101013,0.14372947812080383,0.9938391447067261,0.9941134452819824,0.2241397976875305
metal_0561.png,ceramic_ground,8.100147247314453,0.23742635548114777,0.2422662228345871,0.9757316708564758,0.9851330518722534,0.3566355586051941
metal_0562.png,marble_smooth,1.4845185279846191,0.05279330909252167,0.06512442231178284,0.9657493829727173,0.9715438485145569,0.6540616750717163
plaster_0001.png,mixed_ambiguous,7.598441123962402,0.1794840693473816,0.18768209218978882,5.74317073187558e-06,1.232776321558049e-05,0.7588942527770997
plaster_0006.png,ceramic_ground,20.879114151000977,0.1690942794084549,0.20651675760746002,1.923411946336273e-05,6.0172642406541854e-05,0.529713761806488
plaster_0019.png,mixed_ambiguous,6.673996925354004,0.23059265315532684,0.23679912090301514,9.7124015155714e-05,9.747377771418542e-05,0.8992493271827697
plaster_0021.png,metal,5.158674716949463,0.02872353233397007,0.0366695374250412,7.166151590354275e-06,1.3640162251249421e-05,0.197537612169981
plaster_0023.png,metal,4.48918342590332,0.02329185977578163,0.026543086394667625,4.6649720388813876e-06,5.708110165869584e-06,0.700122493505478
plaster_0032.png,brick_terracotta,8.591925621032715,0.11406057327985764,0.14519330859184265,2.3011987195786787e-06,3.698204409374739e-06,0.1352575808763504
plaster_0035.png,mixed_ambiguous,11.420464515686035,0.27261942625045776,0.32241111993789673,2.3797467292752117e-05,0.0004841889603994787,0.38846840858459475
plaster_0056.png,mixed_ambiguous,6.617668151855469,0.06578967720270157,0.0877937451004982,1.6977373888948932e-05,4.307460767449811e-05,0.14852930158376693
plaster_0061.png,mixed_ambiguous,4.2951340675354,0.14739415049552917,0.1556282490491867,3.223641397198662e-05,3.245558400521986e-05,0.6387516379356384
plaster_0067.png,stone_rough,33.84506607055664,0.12622259557247162,0.1565876305103302,0.004546728450804949,0.01651114784181118,0.688221025466919
plaster_0069.png,concrete_plaster,27.7824649810791,0.17407996952533722,0.20689290761947632,2.7590294848778285e-05,7.987951539689675e-05,0.5148989796638489
plaster_0091.png,mixed_ambiguous,9.100504875183105,0.07514599710702896,0.09904145449399948,1.6261692508123815e-05,5.0838432798627764e-05,0.17063089311122895
plaster_0095.png,metal,9.168911933898926,0.29510387778282166,0.29614508152008057,6.6423140197002795e-06,8.508081009495072e-06,0.35737659186124804
plaster_0110.png,mixed_ambiguous,27.90363311767578,0.24067658185958862,0.3167487382888794,7.998376531759277e-05,0.0008757688920013607,0.6267380475997925
plaster_0116.png,mixed_ambiguous,10.377635955810547,0.12151925265789032,0.1502702683210373,1.7910941096488386e-05,0.00021780477254651487,0.33716360330581663
plaster_0117.png,mixed_ambiguous,6.461609840393066,0.07268118858337402,0.08972744643688202,6.576060695806518e-05,0.00019632359908428043,0.13617281168699263
plaster_0128.png,concrete_plaster,15.58419418334961,0.06735053658485413,0.08756748586893082,0.00016054768639151007,0.002821326721459627,0.4540691465139389
plaster_0139.png,mixed_ambiguous,6.599649906158447,0.12207790464162827,0.13309459388256073,2.600937932584202e-06,2.6121624614461325e-06,0.798856508731842
plaster_0144.png,mixed_ambiguous,6.683778285980225,0.16597525775432587,0.20279785990715027,1.3849225979356561e-05,3.3943477319553494e-05,0.2658501505851746
plaster_0145.png,mixed_ambiguous,6.661554336547852,0.10301875323057175,0.13134978711605072,7.539217676821863e-06,8.344023626705166e-06,0.057942570000886914
plaster_0153.png,concrete_plaster,9.710124969482422,0.19341765344142914,0.20128828287124634,7.585555067635141e-06,1.271882592845941e-05,0.10962380692362786
plaster_0172.png,mixed_ambiguous,8.349668502807617,0.24655082821846008,0.29624617099761963,7.731271580269095e-06,2.1816145817865618e-05,0.23232382237911225
plaster_0175.png,mixed_ambiguous,10.963645935058594,0.16459031403064728,0.21158866584300995,2.4636170564917848e-05,0.00019176430942025036,0.25813778340816496
plaster_0210.png,ceramic_ground,14.2542085647583,0.1652269810438156,0.23262350261211395,3.0477733162115328e-05,0.0004102396487724036,0.5869634866714477
plaster_0212.png,mixed_ambiguous,18.366098403930664,0.08497525006532669,0.11510633677244186,1.9043241991312243e-05,5.2972343837609515e-05,0.40644177198410036
plaster_0224.png,mixed_ambiguous,1.3505942821502686,0.1477573662996292,0.16610561311244965,4.828671080758795e-06,5.56452187083778e-06,0.3031183183193207
plaster_0247.png,mixed_ambiguous,6.68713903427124,0.06675715744495392,0.08789383620023727,8.428955334238708e-05,0.00025312358047813177,0.1667196661233902
stone_0008.png,stone_rough,15.798579216003418,0.06409315764904022,0.08081305027008057,7.410984380840091e-06,2.4028326151892543e-05,0.38345305919647216
stone_0021.png,marble_smooth,26.351001739501953,0.1166139543056488,0.15696099400520325,1.4228420695872046e-05,2.586448499641847e-05,0.4355517148971558
stone_0022.png,stone_rough,26.712995529174805,0.16421888768672943,0.21528322994709015,2.9923635338491295e-06,5.996746494929539e-06,0.518458366394043
stone_0028.png,mixed_ambiguous,9.244803428649902,0.047840315848588943,0.05881018936634064,7.643865501449909e-06,1.3654625035997014e-05,0.2822920620441437
stone_0041.png,brick_terracotta,6.010430812835693,0.04956109821796417,0.06982274353504181,9.6819194368436e-06,2.3868926291470416e-05,0.21721477210521697
stone_0047.png,stone_rough,9.370779991149902,0.09443339705467224,0.10267110913991928,6.2033991525822785e-06,8.873926162777934e-06,0.12104604877531529
stone_0063.png,stone_rough,6.934535026550293,0.07602853327989578,0.09839428961277008,4.19675188823021e-06,6.6050324676325545e-06,0.22895357012748718
stone_0071.png,stone_rough,6.823767185211182,0.04274662584066391,0.06194469332695007,1.2101369975425769e-05,1.9710601918632165e-05,0.17530476450920104
stone_0075.png,mixed_ambiguous,9.269586563110352,0.045277491211891174,0.058476462960243225,3.927940269932151e-06,6.77748221278307e-06,0.21746552363038063
stone_0081.png,stone_rough,5.382138729095459,0.3028021454811096,0.31757140159606934,2.1564748749369755e-05,3.8567617593798786e-05,0.3645220100879669
stone_0086.png,mixed_ambiguous,40.185150146484375,0.16482695937156677,0.20258185267448425,0.005131912417709827,0.0537303164601326,0.42895694971084597
stone_0087.png,stone_rough,34.569618225097656,0.058431271463632584,0.07598605006933212,8.430785965174437e-05,0.0023767277598381042,0.5931006073951721
stone_0093.png,mixed_ambiguous,6.2692742347717285,0.05963898450136185,0.07456231862306595,1.1509115211083554e-05,8.07104806881398e-05,0.22208154201507568
stone_0101.png,wood,5.738475322723389,0.04561150446534157,0.05233296751976013,3.9918186303111725e-06,8.034067832340952e-06,0.22115103602409364
stone_0108.png,wood,3.2016401290893555,0.08946344256401062,0.12930476665496826,3.363434370839968e-05,5.4538410040549934e-05,0.22591662555932998
stone_0114.png,stone_rough,13.042399406433105,0.044543035328388214,0.07250087708234787,2.569687057984993e-05,5.5420357966795564e-05,0.41886616349220274
stone_0119.png,stone_rough,28.43173599243164,0.05764668434858322,0.0737321674823761,1.732669261400588e-05,2.4291091904160567e-05,0.5795579314231872
stone_0121.png,ceramic_ground,9.896536827087402,0.1250971108675003,0.14653180539608002,2.994759051944129e-05,0.0004187647718936205,0.056099898740649225
stone_0124.png,wood,5.620448589324951,0.178276926279068,0.18479683995246887,1.2051534667989472e-06,1.6909186797420261e-06,0.27046374678611756
stone_0125.png,mixed_ambiguous,15.07968807220459,0.1288483440876007,0.14619186520576477,5.484389930643374e-06,1.21826951726689e-05,0.21196081340312958
stone_0141.png,mixed_ambiguous,10.419944763183594,0.14602030813694,0.18980485200881958,4.692930815508589e-05,0.0004088529967702925,0.28411048352718354
stone_0147.png,brick_terracotta,8.190948486328125,0.018378708511590958,0.02769636921584606,7.3175101533706766e-06,3.341528645250946e-05,0.3237957626581192
stone_0153.png,marble_smooth,2.713470458984375,0.06667301058769226,0.0834445059299469,2.988353799082688e-06,5.009513188269921e-06,0.40563013553619387
stone_0155.png,metal,56.10529708862305,0.12732532620429993,0.15740877389907837,1.3932980436948128e-05,0.00013538371422328055,0.5701960146427154
stone_0159.png,stone_rough,16.207975387573242,0.12616296112537384,0.13982585072517395,4.39172890764894e-06,1.0769219443318434e-05,0.423033681511879
stone_0160.png,brick_terracotta,8.676953315734863,0.032126251608133316,0.04517020657658577,2.1934654341748683e-06,7.6103515311842784e-06,0.2617344155907631
stone_0173.png,mixed_ambiguous,2.4775612354278564,0.08210667222738266,0.09348154067993164,8.255517059296835e-06,9.302726539317518e-06,0.11957894116640091
stone_0177.png,stone_rough,14.633615493774414,0.07353860884904861,0.09094657748937607,1.2361166227492504e-05,2.599068648123648e-05,0.6543290734291076
stone_0178.png,concrete_plaster,16.885337829589844,0.031906478106975555,0.05458162724971771,8.903999514586758e-06,1.1999358321190812e-05,0.49532880187034606
stone_0179.png,mixed_ambiguous,6.465051651000977,0.05843126401305199,0.0736774429678917,2.2661391994915903e-05,0.00017528946045786142,0.23130089044570923
stone_0190.png,metal,0.4275667071342468,0.151136577129364,0.1572149097919464,4.930779596179491e-06,6.554940682690358e-06,0.15123325316235423
stone_0200.png,concrete_plaster,9.644031524658203,0.05552183464169502,0.07235918939113617,5.215130158831016e-07,1.2475344419726753e-06,0.15213174745440483
stone_0201.png,mixed_ambiguous,0.23724201321601868,0.04212062060832977,0.05082748085260391,2.121586112480145e-05,2.3967235392774455e-05,0.002629022754263133
stone_0223.png,stone_rough,5.473255634307861,0.07384874671697617,0.08310393989086151,8.746001185500063e-06,1.6771964510553516e-05,0.0658752616494894
stone_0243.png,stone_rough,11.696782112121582,0.07641211152076721,0.09670586884021759,8.023724149097688e-06,2.1356327124522068e-05,0.27870915830135345
stone_0250.png,mixed_ambiguous,6.793399333953857,0.06845621019601822,0.08526004105806351,6.375104931066744e-06,7.061885844450444e-05,0.30980939269065855
stone_0269.png,stone_rough,25.77390480041504,0.12334349751472473,0.1348050832748413,2.331977839276078e-06,3.874859885399928e-06,0.37808902859687804
stone_0276.png,concrete_plaster,9.800153732299805,0.05401118844747543,0.07023189961910248,5.989246005810855e-07,5.375798536988441e-06,0.15341538786888123
stone_0278.png,mixed_ambiguous,38.872650146484375,0.1330908089876175,0.16346319019794464,2.9554066713899374e-06,6.7223481892142445e-06,0.34588205218315127
stone_0280.png,brick_terracotta,6.897306442260742,0.05416205897927284,0.07439092546701431,4.488967533688992e-06,7.712009391980246e-06,0.14849627763032913
stone_0289.png,stone_rough,6.624234676361084,0.0935191810131073,0.14224810898303986,2.3152077119448222e-05,0.00026633215020410717,0.27756023705005645
stone_0331.png,stone_rough,13.883509635925293,0.07588235288858414,0.09393714368343353,1.4444815860770177e-05,3.521871258271858e-05,0.4794453322887421
stone_0333.png,ceramic_ground,17.223039627075195,0.10511679947376251,0.12089000642299652,2.3965607397258282e-05,4.6041739551583305e-05,0.4525447726249695
stone_0334.png,mixed_ambiguous,7.179372787475586,0.1376991719007492,0.1762111634016037,7.790201925672591e-05,0.0009432072401978076,0.28014867305755614
stone_0338.png,stone_rough,12.828086853027344,0.04825122281908989,0.07176315784454346,1.7100892364396714e-05,9.456992847844958e-05,0.4881088316440582
stone_0345.png,brick_terracotta,23.281810760498047,0.06583942472934723,0.0755600780248642,3.871838089253288e-06,9.258077625418082e-06,0.5389896094799042
stone_0359.png,stone_rough,20.930112838745117,0.06801331788301468,0.08631512522697449,6.671229130006395e-06,1.8457403712091036e-05,0.5160426735877991
stone_0362.png,stone_rough,36.32622528076172,0.05687360838055611,0.07397878170013428,2.127392690454144e-05,9.600304474588484e-05,0.5862505555152893
stone_0364.png,brick_terracotta,11.620586395263672,0.0893232598900795,0.12353651970624924,1.5577548765577376e-05,3.084275886067189e-05,0.32631916999816896
stone_0369.png,brick_terracotta,27.448673248291016,0.06945573538541794,0.10262066125869751,5.0340181587671395e-06,8.4170906120562e-06,0.3439040958881378
stone_0378.png,stone_rough,6.887951850891113,0.014546727761626244,0.018077047541737556,2.8999133974139113e-06,5.403795967140468e-06,0.5148100726306438
stone_0381.png,mixed_ambiguous,0.42304399609565735,0.055001288652420044,0.06763574481010437,3.394875966478139e-05,3.5412958823144436e-05,0.0038124903570860625
stone_0388.png,stone_rough,32.886756896972656,0.09167560189962387,0.11441786587238312,4.869842996413354e-06,1.0303932867827825e-05,0.5565523147583008
stone_0393.png,stone_rough,18.02091407775879,0.024700693786144257,0.031078403815627098,1.0032107638835441e-05,1.1873271432705224e-05,0.3364561766386032
stone_0395.png,brick_terracotta,16.51991844177246,0.09298199415206909,0.09764093905687332,8.476442417304497e-06,1.1211883247597143e-05,0.4485768049955368
stone_0400.png,stone_rough,30.09536361694336,0.05752820894122124,0.07239863276481628,2.3670550945098512e-05,3.689576260512695e-05,0.5828916668891907
stone_0402.png,mixed_ambiguous,23.33405113220215,0.0347771979868412,0.0422094501554966,1.1549723240023013e-05,1.4991616808401886e-05,0.24908635318279265
stone_0408.png,stone_rough,36.614051818847656,0.060919150710105896,0.07834994792938232,0.000645242165774107,0.015201477333903313,0.6022813320159912
stone_0411.png,stone_rough,13.843343734741211,0.05740762874484062,0.07522636651992798,2.6632758817868307e-05,4.6309432946145535e-05,0.5848553955554963
stone_0443.png,stone_rough,7.240207195281982,0.077504962682724,0.08947489410638809,2.610546289361082e-05,5.83147702855058e-05,0.19873214662075042
stone_0447.png,stone_rough,28.254379272460938,0.05935337021946907,0.07309094071388245,1.848398824222386e-05,2.7941257940256037e-05,0.568387484550476
stone_0459.png,stone_rough,21.36141586303711,0.02863236889243126,0.03568081557750702,2.0489891539909877e-05,2.3632503143744543e-05,0.30375538766384125
stone_0467.png,stone_rough,14.396958351135254,0.10934926569461823,0.13833053410053253,9.363247045257594e-06,1.935116233653389e-05,0.24665293097496033
stone_0470.png,ceramic_ground,5.104031562805176,0.027145471423864365,0.03567569702863693,1.408147682013805e-06,2.112725269398652e-06,0.17303335070610046
stone_0472.png,stone_rough,13.30748176574707,0.05428227409720421,0.0715867280960083,7.426582214975497e-06,2.005501664825715e-05,0.29545939564704893
stone_0480.png,wood,8.633090019226074,0.10757862776517868,0.15042175352573395,7.813615411578212e-06,1.5615392840118147e-05,0.2540976583957672
stone_0489.png,stone_rough,13.130342483520508,0.0760432556271553,0.0959969162940979,1.0670719348127022e-05,1.727933886286337e-05,0.2563286006450653
stone_0501.png,concrete_plaster,12.032123565673828,0.10274163633584976,0.13034573197364807,4.318461378716165e-06,1.2872147635789588e-05,0.4566330075263977
stone_0502.png,ceramic_ground,12.587708473205566,0.06934981793165207,0.08897009491920471,4.9031887101591565e-06,1.2513406545622274e-05,0.585931658744812
stone_0519.png,stone_rough,21.902423858642578,0.09394241124391556,0.11219694465398788,2.231161306553986e-05,4.139299562666565e-05,0.5850769281387329
stone_0520.png,brick_terracotta,7.557226657867432,0.05967486649751663,0.08140821754932404,1.2338558690316859e-06,2.41114594246028e-06,0.10180554911494255
stone_0521.png,stone_rough,8.619129180908203,0.21402044594287872,0.22231841087341309,4.898463885183446e-06,4.981105666956864e-05,0.1820526622235775
stone_0524.png,mixed_ambiguous,3.3615193367004395,0.028412891551852226,0.03377065062522888,4.4982707549934275e-06,1.08683116195607e-05,0.04330373681150377
stone_0533.png,stone_rough,5.503904342651367,0.01550745964050293,0.0204481091350317,2.8864571959275054e-06,3.877077233482851e-06,0.3098604649305344
stone_0536.png,ceramic_ground,3.487468957901001,0.05830194801092148,0.06057789921760559,1.713052006380167e-05,2.3523472918896005e-05,0.22012338936328887
stone_0544.png,concrete_plaster,11.054153442382812,0.16943450272083282,0.17497454583644867,6.781289357604692e-06,1.1414736036385875e-05,0.3302919574081898
stone_0546.png,wood,16.904787063598633,0.26600831747055054,0.2862454652786255,2.0130932171014138e-05,3.199820275767706e-05,0.49012263417243956
stone_0551.png,stone_rough,6.587156295776367,0.0532645545899868,0.06630551815032959,4.023184828838566e-06,7.330164862651145e-06,0.2598744332790375
stone_0555.png,ceramic_ground,9.117589950561523,0.05588218942284584,0.07271121442317963,2.935450538643636e-06,6.879314696561778e-06,0.31566315293312075
stone_0557.png,ceramic_ground,8.696050643920898,0.07452515512704849,0.10162452608346939,3.376563199708471e-06,1.1185528819623869e-05,0.43617628812789916
stone_0561.png,mixed_ambiguous,23.251855850219727,0.039067722856998444,0.04974262788891792,1.6494888768647797e-05,5.147957199369557e-05,0.37414656281471254
stone_0581.png,marble_smooth,33.69670104980469,0.10920906066894531,0.15320836007595062,1.789808811736293e-05,3.942689727409743e-05,0.48944313526153566
stone_0583.png,brick_terracotta,10.492998123168945,0.07322340458631516,0.09281660616397858,1.7456976593166473e-06,4.654883468901971e-06,0.22143724262714387
stone_0592.png,stone_rough,12.120576858520508,0.19858142733573914,0.21918946504592896,4.17771479988005e-06,7.766139788145665e-06,0.1512172929942608
stone_0595.png,stone_rough,14.745829582214355,0.0874270647764206,0.10440199822187424,2.8754250251949998e-06,5.16281988893752e-06,0.2582580968737602
stone_0597.png,stone_rough,30.756559371948242,0.05517987161874771,0.06965582817792892,2.3513166524935514e-05,5.381985829444602e-05,0.5737934231758117
stone_0608.png,stone_rough,24.221845626831055,0.06663067638874054,0.08066376298666,2.6720150344772264e-05,3.0360519303940237e-05,0.4166692614555359
stone_0609.png,stone_rough,22.84714126586914,0.07686451077461243,0.08618787676095963,7.761594133626204e-06,1.2385278751025908e-05,0.34560939073562624
stone_0611.png,brick_terracotta,11.282745361328125,0.09460563957691193,0.1146913692355156,9.69309712672839e-06,2.149980718968436e-05,0.23076495826244353
stone_0615.png,mixed_ambiguous,7.923935890197754,0.07108329981565475,0.0902276337146759,3.350030283399974e-06,1.0044212103821337e-05,0.22229121625423431
stone_0632.png,stone_rough,18.745685577392578,0.023344051092863083,0.029609406366944313,6.888438747409964e-06,1.7595246390555985e-05,0.4741237282752991
stone_0633.png,wood,0.8280081748962402,0.01647822931408882,0.021042339503765106,4.674053002418077e-07,4.770294594891311e-07,0.04713943302631378
stone_0636.png,mixed_ambiguous,1.7843059301376343,0.05702507123351097,0.0675172358751297,2.072868483082857e-06,2.981914803967811e-06,0.07398736923933029
stone_0641.png,stone_rough,14.60480785369873,0.09045305103063583,0.0972960963845253,2.336648094569682e-06,3.62511923412967e-06,0.5251683235168457
stone_0658.png,stone_rough,34.9792594909668,0.05728365108370781,0.07274734228849411,2.1763988115708344e-05,3.9412778278347105e-05,0.615903115272522
stone_0660.png,concrete_plaster,18.495468139648438,0.027481885626912117,0.03415922075510025,1.1828253263956867e-05,1.4889624253555667e-05,0.2826928347349167
stone_0678.png,brick_terracotta,9.069629669189453,0.131086528301239,0.14820228517055511,1.0684176231734455e-05,1.976719249796588e-05,0.20260585844516754
stone_0679.png,metal,14.395535469055176,0.03796498477458954,0.06757526844739914,1.740081097523216e-05,2.142525954695884e-05,0.26588025093078616
stone_0691.png,ceramic_ground,7.302701473236084,0.08920422941446304,0.10330037027597427,9.221323125530034e-06,2.857712024706416e-05,0.1460464596748352
stone_0700.png,stone_rough,6.328126430511475,0.08087194710969925,0.09371768683195114,4.8009405873017386e-06,6.793984539399389e-06,0.085554850846529
stone_0701.png,wood,10.176420211791992,0.1066783219575882,0.12575741112232208,7.111362265277421e-06,2.406074600003194e-05,0.3441887259483337
stone_0704.png,ceramic_ground,8.020621299743652,0.08868301659822464,0.1245141476392746,4.24634754381259e-06,1.0214374015049543e-05,0.3420164883136749
stone_0705.png,stone_rough,19.79714012145996,0.2505578100681305,0.2725498378276825,4.035054644191405e-06,1.9075156160397455e-05,0.23870743215084075
stone_0707.png,mixed_ambiguous,43.04506301879883,0.1809399574995041,0.2280731052160263,3.248115490350756e-06,8.346987669938244e-06,0.41299688816070557
stone_0709.png,stone_rough,12.665892601013184,0.04430416226387024,0.05375313013792038,6.857839707663516e-06,1.5452213119715452e-05,0.43762876391410827
stone_0720.png,ceramic_ground,3.578756093978882,0.1658182442188263,0.17275477945804596,1.8532338117438485e-06,3.161100721627008e-06,0.12792959660291672
stone_0721.png,marble_smooth,9.511034965515137,0.05683160945773125,0.07176435738801956,3.72515228264092e-06,6.108640718593961e-06,0.38500904440879824
stone_0728.png,ceramic_ground,6.231386184692383,0.05946958065032959,0.07020769268274307,7.5654038482753094e-06,1.5573281416436657e-05,0.11839652955532073
stone_0732.png,stone_rough,12.348798751831055,0.06831099092960358,0.08611420542001724,6.257562290556962e-06,2.4300154109369032e-05,0.546615332365036
stone_0755.png,wood,17.38223648071289,0.0996188223361969,0.10522306710481644,2.4772445613052696e-05,2.801716618705541e-05,0.5449230909347534
stone_0758.png,stone_rough,31.433448791503906,0.05648393929004669,0.07252843677997589,2.4820768885547295e-05,4.36389418609906e-05,0.5696357607841491
stone_0764.png,stone_rough,16.395164489746094,0.07460253685712814,0.09060215950012207,2.9250413717818446e-05,7.17368966434151e-05,0.24937437772750853
stone_0792.png,brick_terracotta,10.549272537231445,0.06675399094820023,0.07748271524906158,3.1535655580228195e-06,6.279995432123542e-06,0.2575055807828903
terracotta_0001.png,mixed_ambiguous,10.265911102294922,0.08698466420173645,0.1082795187830925,3.59921318704437e-06,1.4772368558624294e-05,0.16188499927520753
terracotta_0006.png,ceramic_ground,29.56896209716797,0.3416503369808197,0.35594701766967773,6.9888060352241155e-06,1.2241015610925388e-05,0.4089872300624847
terracotta_0011.png,brick_terracotta,7.10704231262207,0.04661931097507477,0.052031852304935455,3.011450644407887e-06,9.234292519977316e-06,0.15814005136489867
terracotta_0014.png,wood,8.9470853805542,0.050733041018247604,0.060414623469114304,2.042751248154673e-06,9.495179256191477e-06,0.19436204880476
terracotta_0016.png,brick_terracotta,13.480908393859863,0.14414605498313904,0.16121050715446472,3.73465536540607e-06,9.033584319695365e-06,0.4213633477687836
terracotta_0018.png,mixed_ambiguous,12.744756698608398,0.07593949139118195,0.09291112422943115,2.6686859200708568e-05,5.473551937029697e-05,0.25319379270076753
terracotta_0019.png,mixed_ambiguous,12.361593246459961,0.0693143680691719,0.08890605717897415,1.469636754336534e-05,3.203907181159593e-05,0.20003953874111174
terracotta_0021.png,brick_terracotta,6.680605888366699,0.020372340455651283,0.0276735071092844,8.83993288880447e-06,2.0742476408486255e-05,0.18259794339537622
terracotta_0053.png,brick_terracotta,8.182676315307617,0.08903641998767853,0.1095011979341507,2.030498080785037e-06,4.327750048105372e-06,0.2125183403491974
terracotta_0060.png,stone_rough,30.049972534179688,0.09465160965919495,0.10904628783464432,1.5531908502453007e-05,2.3246744603966363e-05,0.5840819478034973
terracotta_0071.png,brick_terracotta,23.27645492553711,0.07848028093576431,0.09249179810285568,2.760492179731955e-06,4.817356057174038e-06,0.32894007563591005
terracotta_0074.png,ceramic_ground,4.840139389038086,0.13867807388305664,0.14874759316444397,1.0839603419299237e-05,3.9069382182788104e-05,0.1933477610349655
terracotta_0091.png,mixed_ambiguous,9.342369079589844,0.02417396940290928,0.02985771931707859,1.491091552452417e-06,1.7528725493320962e-06,0.22274576425552367
terracotta_0094.png,brick_terracotta,15.119986534118652,0.19321385025978088,0.24181711673736572,2.9869647732994054e-06,1.1907989573956002e-05,0.45502581596374514
terracotta_0105.png,wood,11.191787719726562,0.0710110068321228,0.08525637537240982,2.0391205907799304e-05,3.992854544776492e-05,0.4118963599205017
terracotta_0109.png,mixed_ambiguous,11.29716968536377,0.08138100057840347,0.10368294268846512,3.076224311371334e-05,0.0006980604375712574,0.18627501130104065
terracotta_0111.png,wood,9.066267013549805,0.10873065143823624,0.1217980906367302,7.766526323393919e-06,1.239453922607936e-05,0.12454532682895661
terracotta_0119.png,brick_terracotta,4.499568939208984,0.07718001306056976,0.09929390251636505,1.97608164853591e-06,5.710182449547574e-06,0.2691948413848877
terracotta_0120.png,brick_terracotta,6.047954559326172,0.03368087485432625,0.045661911368370056,5.828921416650701e-07,1.1113352229585871e-06,0.28418132960796355
terracotta_0134.png,brick_terracotta,25.27084732055664,0.1685619354248047,0.18039457499980927,2.3687462089583278e-06,4.653768883144949e-06,0.2718273997306824
terracotta_0137.png,mixed_ambiguous,11.762290954589844,0.06730504333972931,0.08550016582012177,1.6956477338680997e-05,4.0338280086871237e-05,0.18441343307495117
terracotta_0138.png,brick_terracotta,6.270676612854004,0.043478649109601974,0.05493338406085968,2.0359950212878175e-05,2.853242403944023e-05,0.16075167655944825
terracotta_0140.png,wood,8.67525863647461,0.09256954491138458,0.11829912662506104,8.706245353096165e-06,1.808394335967023e-05,0.12776667177677153
terracotta_0153.png,brick_terracotta,8.557145118713379,0.09568984806537628,0.11345195025205612,1.6083801028798916e-06,8.82524636836024e-06,0.2096269130706787
terracotta_0166.png,brick_terracotta,9.537496566772461,0.13628478348255157,0.16860276460647583,3.234361201975844e-06,8.903443813323975e-06,0.4074165880680084
terracotta_0167.png,wood,9.431411743164062,0.131461039185524,0.14867447316646576,9.368191058456432e-06,1.4397645827557426e-05,0.14346514642238617
terracotta_0171.png,brick_terracotta,8.880695343017578,0.03124985657632351,0.041253551840782166,6.466160812124144e-06,1.0638395906426013e-05,0.2618468880653381
terracotta_0178.png,stone_rough,19.479825973510742,0.09967218339443207,0.12038020044565201,5.28324426340987e-06,7.197814738901798e-06,0.25747854113578794
terracotta_0179.png,brick_terracotta,7.048688888549805,0.019338609650731087,0.02682303451001644,6.2720737332711e-06,1.4006336641614325e-05,0.13474733904004096
terracotta_0184.png,ceramic_ground,12.462700843811035,0.06253083050251007,0.07270124554634094,4.262487436790252e-06,6.314551683317404e-06,0.3807881474494934
terracotta_0195.png,brick_terracotta,21.82741355895996,0.050556670874357224,0.06131493300199509,5.74456635149545e-06,2.489424696250353e-05,0.3637453198432922
terracotta_0203.png,mixed_ambiguous,12.44971752166748,0.08628807216882706,0.11578337848186493,2.4598997697466984e-05,0.0003768836031667888,0.36326527744531634
terracotta_0204.png,brick_terracotta,6.485766410827637,0.10490428656339645,0.1252530962228775,5.5690770750516094e-06,1.0951719559670892e-05,0.23362865447998046
terracotta_0210.png,mixed_ambiguous,12.29702377319336,0.07308162748813629,0.09227176755666733,1.5951485693221912e-05,3.892722452292219e-05,0.19885121881961823
terracotta_0224.png,brick_terracotta,20.58578109741211,0.12102512270212173,0.13344746828079224,4.46328112957417e-06,7.0434507506433874e-06,0.44018346071243286
terracotta_0225.png,brick_terracotta,6.092120170593262,0.06455320119857788,0.07828836143016815,5.096379481983604e-06,9.915858754538931e-06,0.23247849345207214
terracotta_0235.png,wood,9.851278305053711,0.10576589405536652,0.11332578212022781,7.086498953867704e-06,9.693231731944252e-06,0.15813200175762177
terracotta_0252.png,stone_rough,20.34016990661621,0.1162707656621933,0.14993399381637573,4.709560471383156e-06,5.6212979870906565e-06,0.1602557510137558
terracotta_0253.png,brick_terracotta,7.205036640167236,0.01936519518494606,0.026344768702983856,7.118727353372378e-06,1.4812676454312168e-05,0.14952856600284575
terracotta_0258.png,brick_terracotta,6.269120216369629,0.12422624975442886,0.1524459719657898,2.4751736873440677e-06,1.6218295058934018e-05,0.14891654551029204
terracotta_0259.png,stone_rough,20.910079956054688,0.1408185362815857,0.16905871033668518,7.61687260819599e-06,1.0582063623587601e-05,0.1996680587530136
terracotta_0261.png,brick_terracotta,1.87225341796875,0.07125639170408249,0.07320848852396011,7.128906418074621e-06,9.44869861996267e-06,0.05695847868919372
terracotta_0273.png,mixed_ambiguous,31.957321166992188,0.4721614718437195,0.485542356967926,2.1201099116296973e-06,1.0725191714300308e-05,0.6386686623096466
terracotta_0280.png,brick_terracotta,4.78538703918457,0.07076288014650345,0.08249747008085251,1.3429980754153803e-05,2.3829619749449193e-05,0.14521917700767517
terracotta_0281.png,ceramic_ground,27.204315185546875,0.1599275767803192,0.17676010727882385,6.28296993454569e-06,1.4238086805562489e-05,0.37736150026321413
terracotta_0287.png,wood,8.755743026733398,0.16593638062477112,0.22619132697582245,9.214022611558903e-06,1.4902781003911514e-05,0.2354019671678543
terracotta_0293.png,brick_terracotta,5.826615810394287,0.06175528094172478,0.07178843766450882,5.600913027592469e-06,1.1998463378404267e-05,0.1213080070912838
terracotta_0300.png,brick_terracotta,6.030052661895752,0.03635302558541298,0.04617315158247948,1.7432855656807078e-06,4.51013238489395e-06,0.29439219236373904
terracotta_0316.png,brick_terracotta,14.930846214294434,0.12811218202114105,0.14847815036773682,0.49119821190834045,0.6444404721260071,0.7642258048057556
terracotta_0318.png,brick_terracotta,10.553776741027832,0.05981931462883949,0.0922212228178978,1.852193463491858e-06,4.561200967145851e-06,0.3417757272720337
wood_0001.png,wood,3.778841495513916,0.11303127557039261,0.123027503490448,8.47003684611991e-06,1.796583273971919e-05,0.2784021973609924
wood_0005.png,metal,4.882061958312988,0.046498555690050125,0.05062947794795036,2.405698978691362e-05,2.7769923690357246e-05,0.37314433157444
wood_0007.png,wood,0.9017207622528076,0.6815468668937683,0.6873195767402649,7.377486326731741e-05,0.0002808022836688906,0.2167334709316492
wood_0019.png,wood,0.9804327487945557,0.051250021904706955,0.0647454783320427,9.708243851491716e-06,1.80733095476171e-05,0.029281716048717498
wood_0025.png,wood,20.915447235107422,0.05937795341014862,0.07309179753065109,3.2048933462647256e-06,5.595974926109193e-06,0.40294172167778014
wood_0029.png,wood,3.0123772621154785,0.08889617770910263,0.10118871182203293,6.655684956058394e-06,1.3380226846493315e-05,0.14037550389766693
wood_0034.png,marble_smooth,17.444366455078125,0.1576019823551178,0.16864581406116486,1.3662694072991144e-05,1.737543243507389e-05,0.20174681544303893
wood_0048.png,wood,4.659853935241699,0.14291059970855713,0.16684110462665558,7.015731625870103e-06,1.068963229045039e-05,0.22689890563488008
wood_0050.png,wood,19.01626968383789,0.20981229841709137,0.22812902927398682,6.03580592724029e-05,0.001766444998793304,0.5659705400466919
wood_0051.png,mixed_ambiguous,11.485478401184082,0.0706007182598114,0.08639246970415115,6.097589448472718e-06,1.4538055438606534e-05,0.35950900316238404
wood_0052.png,wood,0.9031638503074646,0.2445318102836609,0.24822856485843658,1.9929514110117452e-06,3.0326107207656605e-06,0.05128031233325601
wood_0056.png,wood,26.33913803100586,0.2370324730873108,0.2568025290966034,1.469919084229332e-06,2.2589333639189135e-06,0.25148691833019254
wood_0057.png,wood,15.001248359680176,0.1108384057879448,0.14583992958068848,3.603068762458861e-06,4.907874426862691e-06,0.22832307815551758
wood_0067.png,wood,2.527878761291504,0.09324143081903458,0.11985364556312561,2.915141294579371e-06,6.235326509340666e-06,0.09455044269561767
wood_0088.png,wood,12.018115997314453,0.10128074884414673,0.1312292367219925,6.38836863799952e-05,0.0002370973234064877,0.2931393951177597
wood_0089.png,wood,1.7243125438690186,0.07950593531131744,0.08058804273605347,8.375537618121598e-06,1.0586822099867277e-05,0.07823711931705475
wood_0094.png,mixed_ambiguous,2.680480718612671,0.0732714831829071,0.09935711324214935,1.9012961274711415e-05,2.5546922188368626e-05,0.23803274929523469
wood_0114.png,wood,4.963557720184326,0.050836533308029175,0.06593549996614456,3.664152018245659e-06,4.832026661460986e-06,0.11086862981319427
wood_0126.png,wood,16.000707626342773,0.09735521674156189,0.11580808460712433,8.46085367811611e-06,2.801170376187656e-05,0.1758739769458771
wood_0138.png,wood,1.1529914140701294,0.10666126757860184,0.1382739245891571,4.635669938579667e-06,1.0142024621018209e-05,0.03762712199240923
wood_0156.png,wood,20.457683563232422,0.1361507624387741,0.14608195424079895,2.997645606228616e-05,4.3629665015032515e-05,0.48363684117794037
wood_0171.png,stone_rough,34.576393127441406,0.2552226781845093,0.2654663324356079,1.7090495020966046e-05,2.4518376449123025e-05,0.3819689929485321
wood_0172.png,wood,20.818946838378906,0.11607109010219574,0.1279972791671753,2.186301344409003e-06,1.088061344489688e-05,0.3132181942462921
wood_0182.png,wood,4.561952114105225,0.1990826576948166,0.200604647397995,1.2240632713655941e-05,1.842603160184808e-05,0.27981270253658297
wood_0193.png,wood,12.211896896362305,0.2961687743663788,0.30070915818214417,3.608750148487161e-06,7.797832040523645e-06,0.20323964655399324
wood_0196.png,wood,4.625938892364502,0.10792110115289688,0.12244050204753876,6.7226487772131804e-06,9.521452739136294e-06,0.37649551033973694
wood_0209.png,wood,2.8415379524230957,0.11779645085334778,0.14256590604782104,1.1109083061455749e-05,1.6744759705034085e-05,0.09330591298639775
wood_0210.png,wood,3.861771821975708,0.03341946005821228,0.040676914155483246,9.145339390670415e-06,1.0845972610695753e-05,0.06808207035064698
wood_0211.png,wood,3.0749802589416504,0.07306823879480362,0.08720827847719193,2.3303630314330803e-06,2.802061317197513e-06,0.185885488986969
wood_0218.png,wood,10.67629623413086,0.503247082233429,0.5290901064872742,7.578373242722591e-06,1.4719652426720131e-05,0.39826401472091677
wood_0221.png,wood,9.785979270935059,0.19084808230400085,0.1933916211128235,6.3295265135820955e-06,1.577920193085447e-05,0.6568276047706604
wood_0227.png,stone_rough,19.657094955444336,0.06433205306529999,0.07732267677783966,3.1164358915702906e-06,3.944296167901484e-06,0.44322178363800047
wood_0230.png,wood,5.813591480255127,0.15844173729419708,0.16516627371311188,4.391149104776559e-06,9.064250662049744e-06,0.042601789347827435
wood_0236.png,wood,1.1682990789413452,0.03379632532596588,0.0439293198287487,5.828107077832101e-06,1.1162895134475548e-05,0.006996360211633146
wood_0244.png,wood,1.8921395540237427,0.11762136220932007,0.12592019140720367,4.904389697912848e-06,6.251761988096405e-06,0.12738902866840363
wood_0247.png,wood,5.030599117279053,0.0497899167239666,0.06330759078264236,3.7722695651609683e-06,6.760957148799207e-06,0.1964413493871689
wood_0249.png,wood,18.556007385253906,0.06920765340328217,0.08659356832504272,1.7374983144691214e-05,2.841081914084498e-05,0.30891816020011903
wood_0262.png,wood,8.526898384094238,0.04452897235751152,0.06021387502551079,5.184490146348253e-05,6.930447125341743e-05,0.1942156136035919
wood_0265.png,stone_rough,4.049464702606201,0.060526859015226364,0.08160381019115448,8.43642010295298e-06,1.2287331628613174e-05,0.213179612159729
wood_0314.png,wood,10.354864120483398,0.04690457135438919,0.05721791461110115,5.719301952922251e-06,1.1676474059640896e-05,0.33820470571517947
wood_0319.png,wood,15.876276969909668,0.029509270563721657,0.03700729086995125,3.2425082281406503e-06,5.726677045458928e-06,0.13308145254850387
wood_0321.png,metal,8.229804039001465,0.13895906507968903,0.15934918820858002,5.7382243539905176e-05,0.00026857611373998225,0.3684276580810547
wood_0331.png,wood,1.8898851871490479,0.05666963756084442,0.07064143568277359,3.2513662517885678e-06,3.834776634903392e-06,0.38557775020599366
wood_0339.png,wood,12.764406204223633,0.12191881239414215,0.13798893988132477,3.2517293675482506e-06,6.040457265044097e-06,0.27417184710502623
wood_0345.png,wood,3.28389835357666,0.03222421929240227,0.036438144743442535,3.436949782553711e-06,6.566106549144024e-06,0.03392581064254045
wood_0347.png,wood,13.373847007751465,0.18243786692619324,0.21830053627490997,2.808646058838349e-05,4.4417818571673706e-05,0.36031803786754607
wood_0353.png,wood,5.032563209533691,0.05275502800941467,0.07131312787532806,5.062532636657124e-06,6.191327429405646e-06,0.2018935739994049
wood_0354.png,wood,17.883047103881836,0.10307560116052628,0.12819963693618774,1.0918255384240183e-06,2.7672517717292067e-06,0.23049039840698243
wood_0356.png,wood,1.8981162309646606,0.13110727071762085,0.18329556286334991,0.003624886507168412,0.010098496451973915,0.028909675357863308
wood_0361.png,wood,19.45832061767578,0.42842718958854675,0.43370410799980164,3.858190666505834e-06,5.463371508085402e-06,0.5112654089927673
wood_0363.png,mixed_ambiguous,6.499783039093018,0.041881121695041656,0.05235288664698601,4.504793196247192e-06,1.483347386965761e-05,0.12584516406059265
wood_0370.png,wood,29.392663955688477,0.036363616585731506,0.05276508629322052,1.8437258404446766e-06,4.962162165611517e-06,0.32336999773979186
wood_0375.png,wood,3.128967523574829,0.11099659651517868,0.12077794969081879,4.2619853957148734e-06,5.56462964595994e-06,0.046971644088625905
wood_0377.png,mixed_ambiguous,5.976668834686279,0.03762803226709366,0.04757027328014374,9.252677409676835e-05,0.0003667626006063074,0.10612374246120453
wood_0392.png,wood,2.556360960006714,0.021857058629393578,0.02708633802831173,7.529245067416923e-06,9.217505976266693e-06,0.031968191638588904
wood_0396.png,wood,10.431315422058105,0.444476842880249,0.4828989803791046,5.719099863199517e-05,0.00010239677794743329,0.33893248736858367
wood_0399.png,wood,0.7302762866020203,0.10484857112169266,0.106300488114357,3.8141799905133666e-06,5.0973785619135015e-06,0.0065207063453271985
wood_0414.png,wood,10.360174179077148,0.05990995094180107,0.06913801282644272,2.309896080987528e-05,5.0274749810341746e-05,0.16132480204105376
wood_0426.png,wood,1.285896897315979,0.04198280721902847,0.06846773624420166,4.943723979522474e-06,7.212172931758687e-06,0.11322831436991691
wood_0433.png,wood,2.4284536838531494,0.18640944361686707,0.22499872744083405,1.8077615095535293e-05,2.2676187654724345e-05,0.14757359754294158
wood_0435.png,wood,3.033212900161743,0.06462159752845764,0.08293794840574265,8.00613997853361e-06,1.089085799321765e-05,0.058486768323928115
wood_0440.png,mixed_ambiguous,9.922073364257812,0.0794188380241394,0.09650527685880661,6.195375135575887e-06,2.3941718609421514e-05,0.3250913083553314
wood_0442.png,wood,5.262634754180908,0.12326178699731827,0.1480909138917923,4.711705696536228e-05,9.2366237367969e-05,0.2958809122443199
wood_0445.png,wood,8.150381088256836,0.2509544789791107,0.2550685703754425,6.666272156508057e-07,1.064672005668399e-06,0.048022224381566045
wood_0450.png,wood,0.3499755561351776,0.03686763718724251,0.04739787429571152,1.4305774129752535e-05,2.5267301680287346e-05,0.10796659849584103
wood_0461.png,wood,3.5078189373016357,0.03633026033639908,0.04373893141746521,5.421695732366061e-06,1.035353670886252e-05,0.24563417434692383
wood_0468.png,wood,4.613762378692627,0.39285731315612793,0.4077073633670807,3.5878147173207253e-06,6.739101809216663e-05,0.20997847765684127
wood_0470.png,wood,2.8854846954345703,0.1768069863319397,0.18007785081863403,1.5453516652996768e-06,2.8599095003301045e-06,0.1277061179280281
wood_0473.png,wood,21.922992706298828,0.05400819331407547,0.06852986663579941,1.7236554413102567e-05,2.2785645342082717e-05,0.3031000912189484
wood_0489.png,mixed_ambiguous,4.573591709136963,0.2684812545776367,0.27603623270988464,3.872164597851224e-05,5.328402039594948e-05,0.6209713160991669
wood_0492.png,wood,1.7151026725769043,0.15443108975887299,0.1573413908481598,4.480694769881666e-06,5.851442892890191e-06,0.06229485925287008
wood_0493.png,wood,10.667985916137695,0.044685009866952896,0.0556611530482769,2.4925720936153084e-06,7.227131391118746e-06,0.27235651612281797
wood_0494.png,mixed_ambiguous,4.303294658660889,0.07815559208393097,0.10189127922058105,1.8186949091614224e-05,2.7588170269154944e-05,0.12993968278169632
wood_0499.png,wood,19.810518264770508,0.14755327999591827,0.16772621870040894,7.336630460486049e-06,1.0609322998789139e-05,0.2761236786842346
wood_0509.png,wood,11.102567672729492,0.08630796521902084,0.10885804146528244,3.040244700969197e-05,0.00015717266069259495,0.16269564032554626
wood_0512.png,wood,1.1061564683914185,0.026185082271695137,0.032817766070365906,7.660559276700951e-06,1.0076718353957403e-05,0.005235168058425188
wood_0517.png,marble_smooth,17.33065414428711,0.11454405635595322,0.12857969105243683,1.1760625056922436e-05,1.645070187805686e-05,0.19358399361371995
wood_0526.png,wood,27.916425704956055,0.18966400623321533,0.1993395984172821,1.037464357978024e-06,2.193400632677367e-06,0.1719561204314232
wood_0536.png,wood,5.724798679351807,0.07109490782022476,0.09062516689300537,4.355310920800548e-06,8.452135261904914e-06,0.07081359922885895
wood_0550.png,wood,7.812788963317871,0.21963955461978912,0.2935992181301117,1.7273009689233731e-06,3.543583488863078e-06,0.17119739800691605
wood_0555.png,wood,8.920156478881836,0.05032140389084816,0.0629008412361145,0.0005136330146342516,0.002957639517262578,0.2737340122461319
wood_0567.png,wood,13.873991012573242,0.1070028692483902,0.13357877731323242,6.653866421402199e-06,1.0765636034193449e-05,0.29191680550575255
wood_0575.png,wood,3.4063990116119385,0.043207135051488876,0.056449756026268005,1.0952178854495287e-05,1.4476803698926233e-05,0.10025929734110832
wood_0579.png,wood,12.275320053100586,0.14375880360603333,0.16014452278614044,1.070086636900669e-05,3.678120992844924e-05,0.16515674591064453
wood_0586.png,wood,2.0413615703582764,0.14356188476085663,0.16268546879291534,1.223212711920496e-05,1.9207989680580795e-05,0.2156254306435585
wood_0594.png,wood,4.7050018310546875,0.13240911066532135,0.13645805418491364,6.405349495253176e-07,1.3145676120984717e-06,0.14110297709703445
